,total_return,sharpe_ratio,max_drawdown,volatility,avg_daily_return,win_rate,num_trades
eta_0.05,0.0,0.601280090061636,-0.49638499398919805,0.3471723367617536,0.0008283643409326023,0.5212514757969303,1694.0
eta_0.15,0.0,0.4922717985329814,-0.655653044234642,0.3472583172328962,0.0006783550649991048,0.5224321133412042,1694.0
